trial,method,weight_weather_risk_score,weight_spatial_risk_score,train_accuracy,train_precision,train_recall,train_f1,train_positive_rate,train_selected_count,train_proxy_total,train_captured_proxy_count,train_top_rate,train_threshold,valid_accuracy,valid_precision,valid_recall,valid_f1,valid_positive_rate,valid_selected_count,valid_proxy_total,valid_captured_proxy_count,valid_top_rate,valid_threshold
81,optuna,0.596122512287347,0.40387748771265286,0.5843,0.4543333333333333,0.35101725469997425,0.3960482347813453,0.3,3000,3883,1363,0.3,0.5219935557307901,0.6971,0.010333333333333333,0.34065934065934067,0.020058233581365253,0.3,3000,91,31,0.3,0.5219935557307901
202,optuna,0.5963797904090703,0.40362020959092976,0.5843,0.4543333333333333,0.35101725469997425,0.3960482347813453,0.3,3000,3883,1363,0.3,0.5220227638599018,0.6971,0.010333333333333333,0.34065934065934067,0.020058233581365253,0.3,3000,91,31,0.3,0.5220227638599018
233,optuna,0.597167538930203,0.40283246106979703,0.5843,0.4543333333333333,0.35101725469997425,0.3960482347813453,0.3,3000,3883,1363,0.3,0.5218967187877496,0.6971,0.010333333333333333,0.34065934065934067,0.020058233581365253,0.3,3000,91,31,0.3,0.5218967187877496
236,optuna,0.5967676509153218,0.40323234908467825,0.5843,0.4543333333333333,0.35101725469997425,0.3960482347813453,0.3,3000,3883,1363,0.3,0.5220067953849995,0.6971,0.010333333333333333,0.34065934065934067,0.020058233581365253,0.3,3000,91,31,0.3,0.5220067953849995
245,optuna,0.5963480856447505,0.4036519143552495,0.5843,0.4543333333333333,0.35101725469997425,0.3960482347813453,0.3,3000,3883,1363,0.3,0.5220083025757393,0.6971,0.010333333333333333,0.34065934065934067,0.020058233581365253,0.3,3000,91,31,0.3,0.5220083025757393
248,optuna,0.5955490371600417,0.40445096283995835,0.5843,0.4543333333333333,0.35101725469997425,0.3960482347813453,0.3,3000,3883,1363,0.3,0.5219222416791157,0.6971,0.010333333333333333,0.34065934065934067,0.020058233581365253,0.3,3000,91,31,0.3,0.5219222416791157
256,optuna,0.5982162908096856,0.40178370919031436,0.5843,0.4543333333333333,0.35101725469997425,0.3960482347813453,0.3,3000,3883,1363,0.3,0.5217555701404947,0.6971,0.010333333333333333,0.34065934065934067,0.020058233581365253,0.3,3000,91,31,0.3,0.5217555701404947
269,optuna,0.5978226892948613,0.4021773107051388,0.5843,0.4543333333333333,0.35101725469997425,0.3960482347813453,0.3,3000,3883,1363,0.3,0.521905497044037,0.6971,0.010333333333333333,0.34065934065934067,0.020058233581365253,0.3,3000,91,31,0.3,0.521905497044037
278,optuna,0.5959905589253908,0.40400944107460923,0.5843,0.4543333333333333,0.35101725469997425,0.3960482347813453,0.3,3000,3883,1363,0.3,0.5220071334597127,0.6971,0.010333333333333333,0.34065934065934067,0.020058233581365253,0.3,3000,91,31,0.3,0.5220071334597127
283,optuna,0.5971407614800432,0.4028592385199568,0.5843,0.4543333333333333,0.35101725469997425,0.3960482347813453,0.3,3000,3883,1363,0.3,0.5218750603464434,0.6971,0.010333333333333333,0.34065934065934067,0.020058233581365253,0.3,3000,91,31,0.3,0.5218750603464434
40,optuna,0.5977279545797614,0.40227204542023864,0.5841,0.454,0.35075972186453774,0.39575766380938543,0.3,3000,3883,1362,0.3,0.5219380650259899,0.6971,0.010333333333333333,0.34065934065934067,0.020058233581365253,0.3,3000,91,31,0.3,0.5219380650259899
44,optuna,0.5938432814136644,0.4061567185863356,0.5841,0.454,0.35075972186453774,0.39575766380938543,0.3,3000,3883,1362,0.3,0.5221782258095098,0.6971,0.010333333333333333,0.34065934065934067,0.020058233581365253,0.3,3000,91,31,0.3,0.5221782258095098
83,optuna,0.5942774739557253,0.40572252604427456,0.5841,0.454,0.35075972186453774,0.39575766380938543,0.3,3000,3883,1362,0.3,0.5220360242671492,0.6971,0.010333333333333333,0.34065934065934067,0.020058233581365253,0.3,3000,91,31,0.3,0.5220360242671492
103,optuna,0.594841736611748,0.405158263388252,0.5841,0.454,0.35075972186453774,0.39575766380938543,0.3,3000,3883,1362,0.3,0.5217461385360348,0.6971,0.010333333333333333,0.34065934065934067,0.020058233581365253,0.3,3000,91,31,0.3,0.5217461385360348
190,optuna,0.5948642366149154,0.4051357633850846,0.5841,0.454,0.35075972186453774,0.39575766380938543,0.3,3000,3883,1362,0.3,0.5217547375748491,0.6971,0.010333333333333333,0.34065934065934067,0.020058233581365253,0.3,3000,91,31,0.3,0.5217547375748491
195,optuna,0.5942309911575069,0.4057690088424931,0.5841,0.454,0.35075972186453774,0.39575766380938543,0.3,3000,3883,1362,0.3,0.5220512477566375,0.6971,0.010333333333333333,0.34065934065934067,0.020058233581365253,0.3,3000,91,31,0.3,0.5220512477566375
219,optuna,0.5945091007247827,0.40549089927521725,0.5841,0.454,0.35075972186453774,0.39575766380938543,0.3,3000,3883,1362,0.3,0.5219203782985283,0.6971,0.010333333333333333,0.34065934065934067,0.020058233581365253,0.3,3000,91,31,0.3,0.5219203782985283
93,optuna,0.5923085055761175,0.40769149442388253,0.5839,0.45366666666666666,0.3505021890291012,0.39546709283742554,0.3,3000,3883,1361,0.3,0.5223639816516088,0.6971,0.010333333333333333,0.34065934065934067,0.020058233581365253,0.3,3000,91,31,0.3,0.5223639816516088
135,optuna,0.592311913578076,0.407688086421924,0.5839,0.45366666666666666,0.3505021890291012,0.39546709283742554,0.3,3000,3883,1361,0.3,0.5223628636802732,0.6971,0.010333333333333333,0.34065934065934067,0.020058233581365253,0.3,3000,91,31,0.3,0.5223628636802732
172,optuna,0.5989961337638096,0.4010038662361904,0.5839,0.45366666666666666,0.3505021890291012,0.39546709283742554,0.3,3000,3883,1361,0.3,0.521577725035109,0.6971,0.010333333333333333,0.34065934065934067,0.020058233581365253,0.3,3000,91,31,0.3,0.521577725035109
173,optuna,0.5987283232382392,0.4012716767617608,0.5839,0.45366666666666666,0.3505021890291012,0.39546709283742554,0.3,3000,3883,1361,0.3,0.5216550135589726,0.6971,0.010333333333333333,0.34065934065934067,0.020058233581365253,0.3,3000,91,31,0.3,0.5216550135589726
191,optuna,0.591831336298896,0.408168663701104,0.5839,0.45366666666666666,0.3505021890291012,0.39546709283742554,0.3,3000,3883,1361,0.3,0.5223660247060538,0.6971,0.010333333333333333,0.34065934065934067,0.020058233581365253,0.3,3000,91,31,0.3,0.5223660247060538
203,optuna,0.5991483664020508,0.4008516335979493,0.5839,0.45366666666666666,0.3505021890291012,0.39546709283742554,0.3,3000,3883,1361,0.3,0.521533791601692,0.6971,0.010333333333333333,0.34065934065934067,0.020058233581365253,0.3,3000,91,31,0.3,0.521533791601692
204,optuna,0.598682454039919,0.40131754596008107,0.5839,0.45366666666666666,0.3505021890291012,0.39546709283742554,0.3,3000,3883,1361,0.3,0.5216682511366274,0.6971,0.010333333333333333,0.34065934065934067,0.020058233581365253,0.3,3000,91,31,0.3,0.5216682511366274
230,optuna,0.5919919413537218,0.40800805864627804,0.5839,0.45366666666666666,0.3505021890291012,0.39546709283742554,0.3,3000,3883,1361,0.3,0.5224098609019578,0.6971,0.010333333333333333,0.34065934065934067,0.020058233581365253,0.3,3000,91,31,0.3,0.5224098609019578
231,optuna,0.5914338769201098,0.40856612307989015,0.5839,0.45366666666666666,0.3505021890291012,0.39546709283742554,0.3,3000,3883,1361,0.3,0.5223219536650804,0.6971,0.010333333333333333,0.34065934065934067,0.020058233581365253,0.3,3000,91,31,0.3,0.5223219536650804
279,optuna,0.5932976782782075,0.4067023217217925,0.5839,0.45366666666666666,0.3505021890291012,0.39546709283742554,0.3,3000,3883,1361,0.3,0.5222744562070026,0.6971,0.010333333333333333,0.34065934065934067,0.020058233581365253,0.3,3000,91,31,0.3,0.5222744562070026
121,optuna,0.5900045511553256,0.4099954488446744,0.5837,0.4533333333333333,0.3502446561936647,0.39517652186546565,0.3,3000,3883,1360,0.3,0.5223327350291751,0.6971,0.010333333333333333,0.34065934065934067,0.020058233581365253,0.3,3000,91,31,0.3,0.5223327350291751
184,optuna,0.5893788952718143,0.4106211047281857,0.5837,0.4533333333333333,0.3502446561936647,0.39517652186546565,0.3,3000,3883,1360,0.3,0.5222514772497632,0.6971,0.010333333333333333,0.34065934065934067,0.020058233581365253,0.3,3000,91,31,0.3,0.5222514772497632
188,optuna,0.5898665368193333,0.41013346318066657,0.5837,0.4533333333333333,0.3502446561936647,0.39517652186546565,0.3,3000,3883,1360,0.3,0.5222880550052645,0.6971,0.010333333333333333,0.34065934065934067,0.020058233581365253,0.3,3000,91,31,0.3,0.5222880550052645
196,optuna,0.5893135566403982,0.41068644335960175,0.5837,0.4533333333333333,0.3502446561936647,0.39517652186546565,0.3,3000,3883,1360,0.3,0.5222678429389344,0.6971,0.010333333333333333,0.34065934065934067,0.020058233581365253,0.3,3000,91,31,0.3,0.5222678429389344
209,optuna,0.5996909459939325,0.4003090540060676,0.5837,0.4533333333333333,0.3502446561936647,0.39517652186546565,0.3,3000,3883,1360,0.3,0.5214083201509212,0.6971,0.010333333333333333,0.34065934065934067,0.020058233581365253,0.3,3000,91,31,0.3,0.5214083201509212
213,optuna,0.5902661272687921,0.40973387273120787,0.5837,0.4533333333333333,0.3502446561936647,0.39517652186546565,0.3,3000,3883,1360,0.3,0.5223592130264075,0.6971,0.010333333333333333,0.34065934065934067,0.020058233581365253,0.3,3000,91,31,0.3,0.5223592130264075
223,optuna,0.5893946040333551,0.41060539596664486,0.5837,0.4533333333333333,0.3502446561936647,0.39517652186546565,0.3,3000,3883,1360,0.3,0.522246295486597,0.6971,0.010333333333333333,0.34065934065934067,0.020058233581365253,0.3,3000,91,31,0.3,0.522246295486597
241,optuna,0.5912747651708239,0.4087252348291761,0.5837,0.4533333333333333,0.3502446561936647,0.39517652186546565,0.3,3000,3883,1360,0.3,0.5222979490417465,0.6971,0.010333333333333333,0.34065934065934067,0.020058233581365253,0.3,3000,91,31,0.3,0.5222979490417465
246,optuna,0.5901634729604099,0.40983652703959,0.5837,0.4533333333333333,0.3502446561936647,0.39517652186546565,0.3,3000,3883,1360,0.3,0.5223833937027825,0.6971,0.010333333333333333,0.34065934065934067,0.020058233581365253,0.3,3000,91,31,0.3,0.5223833937027825
252,optuna,0.5993621022859678,0.40063789771403213,0.5837,0.4533333333333333,0.3502446561936647,0.39517652186546565,0.3,3000,3883,1360,0.3,0.5215032054265861,0.6971,0.010333333333333333,0.34065934065934067,0.020058233581365253,0.3,3000,91,31,0.3,0.5215032054265861
260,optuna,0.591080357127915,0.40891964287208504,0.5837,0.4533333333333333,0.3502446561936647,0.39517652186546565,0.3,3000,3883,1360,0.3,0.522300647200058,0.6971,0.010333333333333333,0.34065934065934067,0.020058233581365253,0.3,3000,91,31,0.3,0.522300647200058
263,optuna,0.591281572361595,0.4087184276384051,0.5837,0.4533333333333333,0.3502446561936647,0.39517652186546565,0.3,3000,3883,1360,0.3,0.5223006362188319,0.6971,0.010333333333333333,0.34065934065934067,0.020058233581365253,0.3,3000,91,31,0.3,0.5223006362188319
275,optuna,0.5898288029834802,0.4101711970165199,0.5837,0.4533333333333333,0.3502446561936647,0.39517652186546565,0.3,3000,3883,1360,0.3,0.5222830753397983,0.6971,0.010333333333333333,0.34065934065934067,0.020058233581365253,0.3,3000,91,31,0.3,0.5222830753397983
277,optuna,0.5911340881468492,0.40886591185315074,0.5837,0.4533333333333333,0.3502446561936647,0.39517652186546565,0.3,3000,3883,1360,0.3,0.5223027230404662,0.6971,0.010333333333333333,0.34065934065934067,0.020058233581365253,0.3,3000,91,31,0.3,0.5223027230404662
286,optuna,0.590289282275928,0.4097107177240719,0.5837,0.4533333333333333,0.3502446561936647,0.39517652186546565,0.3,3000,3883,1360,0.3,0.5223515907179812,0.6971,0.010333333333333333,0.34065934065934067,0.020058233581365253,0.3,3000,91,31,0.3,0.5223515907179812
291,optuna,0.599833888927353,0.40016611107264705,0.5837,0.4533333333333333,0.3502446561936647,0.39517652186546565,0.3,3000,3883,1360,0.3,0.5213670750873438,0.6971,0.010333333333333333,0.34065934065934067,0.020058233581365253,0.3,3000,91,31,0.3,0.5213670750873438
299,optuna,0.5911961482290435,0.40880385177095646,0.5837,0.4533333333333333,0.3502446561936647,0.39517652186546565,0.3,3000,3883,1360,0.3,0.5222986487503826,0.6971,0.010333333333333333,0.34065934065934067,0.020058233581365253,0.3,3000,91,31,0.3,0.5222986487503826
71,optuna,0.6002280074817166,0.3997719925182834,0.5835,0.453,0.3499871233582282,0.39488595089350575,0.3,3000,3883,1359,0.3,0.5212695094624221,0.6971,0.010333333333333333,0.34065934065934067,0.020058233581365253,0.3,3000,91,31,0.3,0.5212695094624221
124,optuna,0.6005460179674252,0.39945398203257476,0.5835,0.453,0.3499871233582282,0.39488595089350575,0.3,3000,3883,1359,0.3,0.521177758586922,0.6971,0.010333333333333333,0.34065934065934067,0.020058233581365253,0.3,3000,91,31,0.3,0.521177758586922
174,optuna,0.6010580582835129,0.3989419417164871,0.5835,0.453,0.3499871233582282,0.39488595089350575,0.3,3000,3883,1359,0.3,0.5210635847495236,0.6971,0.010333333333333333,0.34065934065934067,0.020058233581365253,0.3,3000,91,31,0.3,0.5210635847495236
187,optuna,0.6002454672008167,0.3997545327991834,0.5835,0.453,0.3499871233582282,0.39488595089350575,0.3,3000,3883,1359,0.3,0.521264472067162,0.6971,0.010333333333333333,0.34065934065934067,0.020058233581365253,0.3,3000,91,31,0.3,0.521264472067162
237,optuna,0.6005425304062346,0.3994574695937653,0.5835,0.453,0.3499871233582282,0.39488595089350575,0.3,3000,3883,1359,0.3,0.5211787648015186,0.6971,0.010333333333333333,0.34065934065934067,0.020058233581365253,0.3,3000,91,31,0.3,0.5211787648015186
94,optuna,0.5881198375780781,0.4118801624219219,0.5833,0.45266666666666666,0.3497295905227917,0.39459537992154586,0.3,3000,3883,1358,0.3,0.5219702748863756,0.6971,0.010333333333333333,0.34065934065934067,0.020058233581365253,0.3,3000,91,31,0.3,0.5219702748863756
119,optuna,0.588334266476912,0.41166573352308794,0.5833,0.45266666666666666,0.3497295905227917,0.39459537992154586,0.3,3000,3883,1358,0.3,0.5220352810547227,0.6971,0.010333333333333333,0.34065934065934067,0.020058233581365253,0.3,3000,91,31,0.3,0.5220352810547227
153,optuna,0.5881836578914712,0.4118163421085288,0.5833,0.45266666666666666,0.3497295905227917,0.39459537992154586,0.3,3000,3883,1358,0.3,0.5219659061552064,0.6971,0.010333333333333333,0.34065934065934067,0.020058233581365253,0.3,3000,91,31,0.3,0.5219659061552064
206,optuna,0.6011237402525216,0.3988762597474785,0.5833,0.45266666666666666,0.3497295905227917,0.39459537992154586,0.3,3000,3883,1358,0.3,0.521053586166554,0.6971,0.010333333333333333,0.34065934065934067,0.020058233581365253,0.3,3000,91,31,0.3,0.521053586166554
220,optuna,0.5886062268268641,0.41139377317313586,0.5833,0.45266666666666666,0.3497295905227917,0.39459537992154586,0.3,3000,3883,1358,0.3,0.5220909813962656,0.6971,0.010333333333333333,0.34065934065934067,0.020058233581365253,0.3,3000,91,31,0.3,0.5220909813962656
222,optuna,0.58824538793095,0.41175461206904995,0.5833,0.45266666666666666,0.3497295905227917,0.39459537992154586,0.3,3000,3883,1358,0.3,0.5219824354569068,0.6971,0.010333333333333333,0.34065934065934067,0.020058233581365253,0.3,3000,91,31,0.3,0.5219824354569068
266,optuna,0.5885359530242088,0.4114640469757912,0.5833,0.45266666666666666,0.3497295905227917,0.39459537992154586,0.3,3000,3883,1358,0.3,0.522101257764905,0.6971,0.010333333333333333,0.34065934065934067,0.020058233581365253,0.3,3000,91,31,0.3,0.522101257764905
197,optuna,0.5874502503299893,0.4125497496700107,0.5831,0.4523333333333333,0.3494720576873551,0.3943048089495859,0.3,3000,3883,1357,0.3,0.5217324279859291,0.6971,0.010333333333333333,0.34065934065934067,0.020058233581365253,0.3,3000,91,31,0.3,0.5217324279859291
218,optuna,0.5874836959961234,0.4125163040038765,0.5831,0.4523333333333333,0.3494720576873551,0.3943048089495859,0.3,3000,3883,1357,0.3,0.5217545409502852,0.6971,0.010333333333333333,0.34065934065934067,0.020058233581365253,0.3,3000,91,31,0.3,0.5217545409502852
240,optuna,0.5862480030747569,0.4137519969252432,0.5831,0.4523333333333333,0.3494720576873551,0.3943048089495859,0.3,3000,3883,1357,0.3,0.5215947800118627,0.6971,0.010333333333333333,0.34065934065934067,0.020058233581365253,0.3,3000,91,31,0.3,0.5215947800118627
41,optuna,0.5847968829705392,0.4152031170294608,0.5827,0.45166666666666666,0.3489569920164821,0.39372366700566613,0.3,3000,3883,1355,0.3,0.5216849939655781,0.6971,0.010333333333333333,0.34065934065934067,0.020058233581365253,0.3,3000,91,31,0.3,0.5216849939655781
91,optuna,0.5847722477184973,0.41522775228150255,0.5827,0.45166666666666666,0.3489569920164821,0.39372366700566613,0.3,3000,3883,1355,0.3,0.5216870058882372,0.6971,0.010333333333333333,0.34065934065934067,0.020058233581365253,0.3,3000,91,31,0.3,0.5216870058882372
194,optuna,0.5848708228882598,0.4151291771117403,0.5827,0.45166666666666666,0.3489569920164821,0.39372366700566613,0.3,3000,3883,1355,0.3,0.521678955407676,0.6971,0.010333333333333333,0.34065934065934067,0.020058233581365253,0.3,3000,91,31,0.3,0.521678955407676
214,optuna,0.5847678349314371,0.4152321650685629,0.5827,0.45166666666666666,0.3489569920164821,0.39372366700566613,0.3,3000,3883,1355,0.3,0.5216866703568592,0.6971,0.010333333333333333,0.34065934065934067,0.020058233581365253,0.3,3000,91,31,0.3,0.5216866703568592
229,optuna,0.585030489711284,0.41496951028871604,0.5827,0.45166666666666666,0.3489569920164821,0.39372366700566613,0.3,3000,3883,1355,0.3,0.5216498506925354,0.6971,0.010333333333333333,0.34065934065934067,0.020058233581365253,0.3,3000,91,31,0.3,0.5216498506925354
250,optuna,0.6016713216957599,0.39832867830424007,0.5827,0.45166666666666666,0.3489569920164821,0.39372366700566613,0.3,3000,3883,1355,0.3,0.5209425947606597,0.6971,0.010333333333333333,0.34065934065934067,0.020058233581365253,0.3,3000,91,31,0.3,0.5209425947606597
273,optuna,0.6015912234424914,0.3984087765575086,0.5827,0.45166666666666666,0.3489569920164821,0.39372366700566613,0.3,3000,3883,1355,0.3,0.520951251964085,0.6971,0.010333333333333333,0.34065934065934067,0.020058233581365253,0.3,3000,91,31,0.3,0.520951251964085
239,optuna,0.5836497810045259,0.41635021899547414,0.5825,0.4513333333333333,0.34869945918104556,0.39343309603370624,0.3,3000,3883,1354,0.3,0.5219050815290203,0.6971,0.010333333333333333,0.34065934065934067,0.020058233581365253,0.3,3000,91,31,0.3,0.5219050815290203
26,optuna,0.5811773354278406,0.4188226645721594,0.5823,0.451,0.34844192634560905,0.39314252506174635,0.3,3000,3883,1353,0.3,0.5223037865050364,0.6971,0.010333333333333333,0.34065934065934067,0.020058233581365253,0.3,3000,91,31,0.3,0.5223037865050364
64,optuna,0.5829838237032035,0.4170161762967966,0.5823,0.451,0.34844192634560905,0.39314252506174635,0.3,3000,3883,1353,0.3,0.5219374035061926,0.6971,0.010333333333333333,0.34065934065934067,0.020058233581365253,0.3,3000,91,31,0.3,0.5219374035061926
143,optuna,0.5824007551883947,0.4175992448116054,0.5823,0.451,0.34844192634560905,0.39314252506174635,0.3,3000,3883,1353,0.3,0.5220588239151599,0.6971,0.010333333333333333,0.34065934065934067,0.020058233581365253,0.3,3000,91,31,0.3,0.5220588239151599
161,optuna,0.5820805424560797,0.41791945754392035,0.5823,0.451,0.34844192634560905,0.39314252506174635,0.3,3000,3883,1353,0.3,0.5220964371441658,0.6971,0.010333333333333333,0.34065934065934067,0.020058233581365253,0.3,3000,91,31,0.3,0.5220964371441658
189,optuna,0.5818652348976028,0.4181347651023973,0.5823,0.451,0.34844192634560905,0.39314252506174635,0.3,3000,3883,1353,0.3,0.5221513633061561,0.6971,0.010333333333333333,0.34065934065934067,0.020058233581365253,0.3,3000,91,31,0.3,0.5221513633061561
198,optuna,0.602257712249326,0.3977422877506739,0.5823,0.451,0.34844192634560905,0.39314252506174635,0.3,3000,3883,1353,0.3,0.5208038289042338,0.6971,0.010333333333333333,0.34065934065934067,0.020058233581365253,0.3,3000,91,31,0.3,0.5208038289042338
215,optuna,0.5829958409730598,0.4170041590269401,0.5823,0.451,0.34844192634560905,0.39314252506174635,0.3,3000,3883,1353,0.3,0.5219329886611559,0.6971,0.010333333333333333,0.34065934065934067,0.020058233581365253,0.3,3000,91,31,0.3,0.5219329886611559
255,optuna,0.5832824788722656,0.4167175211277344,0.5823,0.451,0.34844192634560905,0.39314252506174635,0.3,3000,3883,1353,0.3,0.5218938610713245,0.6971,0.010333333333333333,0.34065934065934067,0.020058233581365253,0.3,3000,91,31,0.3,0.5218938610713245
285,optuna,0.5813897870629368,0.41861021293706324,0.5823,0.451,0.34844192634560905,0.39314252506174635,0.3,3000,3883,1353,0.3,0.5222353538963097,0.6971,0.010333333333333333,0.34065934065934067,0.020058233581365253,0.3,3000,91,31,0.3,0.5222353538963097
43,optuna,0.5802634152566346,0.4197365847433654,0.5821,0.45066666666666666,0.34818439351017255,0.3928519540897864,0.3,3000,3883,1352,0.3,0.5226060772136056,0.6971,0.010333333333333333,0.34065934065934067,0.020058233581365253,0.3,3000,91,31,0.3,0.5226060772136056
193,optuna,0.5802286527082627,0.4197713472917373,0.5821,0.45066666666666666,0.34818439351017255,0.3928519540897864,0.3,3000,3883,1352,0.3,0.5226223617045165,0.6971,0.010333333333333333,0.34065934065934067,0.020058233581365253,0.3,3000,91,31,0.3,0.5226223617045165
235,optuna,0.5805745880096048,0.41942541199039507,0.5821,0.45066666666666666,0.34818439351017255,0.3928519540897864,0.3,3000,3883,1352,0.3,0.5224742609143553,0.6971,0.010333333333333333,0.34065934065934067,0.020058233581365253,0.3,3000,91,31,0.3,0.5224742609143553
293,optuna,0.5803291233320843,0.4196708766679157,0.5821,0.45066666666666666,0.34818439351017255,0.3928519540897864,0.3,3000,3883,1352,0.3,0.5225699473168491,0.6971,0.010333333333333333,0.34065934065934067,0.020058233581365253,0.3,3000,91,31,0.3,0.5225699473168491
112,optuna,0.5774521568641948,0.4225478431358052,0.5819,0.4503333333333333,0.34792686067473605,0.3925613831178265,0.3,3000,3883,1351,0.3,0.5235572664546639,0.6971,0.010333333333333333,0.34065934065934067,0.020058233581365253,0.3,3000,91,31,0.3,0.5235572664546639
151,optuna,0.5789866242863949,0.42101337571360503,0.5819,0.4503333333333333,0.34792686067473605,0.3925613831178265,0.3,3000,3883,1351,0.3,0.5231108050599116,0.6971,0.010333333333333333,0.34065934065934067,0.020058233581365253,0.3,3000,91,31,0.3,0.5231108050599116
157,optuna,0.6027672502713756,0.3972327497286245,0.5819,0.4503333333333333,0.34792686067473605,0.3925613831178265,0.3,3000,3883,1351,0.3,0.5206733018098864,0.6971,0.010333333333333333,0.34065934065934067,0.020058233581365253,0.3,3000,91,31,0.3,0.5206733018098864
171,optuna,0.5793393390481031,0.420660660951897,0.5819,0.4503333333333333,0.34792686067473605,0.3925613831178265,0.3,3000,3883,1351,0.3,0.5229048975442536,0.6971,0.010333333333333333,0.34065934065934067,0.020058233581365253,0.3,3000,91,31,0.3,0.5229048975442536
232,optuna,0.5792591026892818,0.42074089731071806,0.5819,0.4503333333333333,0.34792686067473605,0.3925613831178265,0.3,3000,3883,1351,0.3,0.5229517378557571,0.6971,0.010333333333333333,0.34065934065934067,0.020058233581365253,0.3,3000,91,31,0.3,0.5229517378557571
242,optuna,0.6028800956033236,0.3971199043966764,0.5819,0.4503333333333333,0.34792686067473605,0.3925613831178265,0.3,3000,3883,1351,0.3,0.5206407697466982,0.6971,0.010333333333333333,0.34065934065934067,0.020058233581365253,0.3,3000,91,31,0.3,0.5206407697466982
247,optuna,0.5788620481450324,0.4211379518549677,0.5819,0.4503333333333333,0.34792686067473605,0.3925613831178265,0.3,3000,3883,1351,0.3,0.523097872096644,0.6971,0.010333333333333333,0.34065934065934067,0.020058233581365253,0.3,3000,91,31,0.3,0.523097872096644
265,optuna,0.5778616862906107,0.42213831370938926,0.5819,0.4503333333333333,0.34792686067473605,0.3925613831178265,0.3,3000,3883,1351,0.3,0.5233806919228456,0.6971,0.010333333333333333,0.34065934065934067,0.020058233581365253,0.3,3000,91,31,0.3,0.5233806919228456
287,optuna,0.578099778208455,0.42190022179154496,0.5819,0.4503333333333333,0.34792686067473605,0.3925613831178265,0.3,3000,3883,1351,0.3,0.5232594167183736,0.6971,0.010333333333333333,0.34065934065934067,0.020058233581365253,0.3,3000,91,31,0.3,0.5232594167183736
65,optuna,0.5755298832637332,0.42447011673626683,0.5817,0.45,0.3476693278392995,0.3922708121458666,0.3,3000,3883,1350,0.3,0.5241578080155804,0.6971,0.010333333333333333,0.34065934065934067,0.020058233581365253,0.3,3000,91,31,0.3,0.5241578080155804
97,optuna,0.577082790775959,0.4229172092240409,0.5817,0.45,0.3476693278392995,0.3922708121458666,0.3,3000,3883,1350,0.3,0.5236258480506302,0.6971,0.010333333333333333,0.34065934065934067,0.020058233581365253,0.3,3000,91,31,0.3,0.5236258480506302
228,optuna,0.5759816946722195,0.4240183053277805,0.5817,0.45,0.3476693278392995,0.3922708121458666,0.3,3000,3883,1350,0.3,0.5239680547900578,0.6971,0.010333333333333333,0.34065934065934067,0.020058233581365253,0.3,3000,91,31,0.3,0.5239680547900578
243,optuna,0.5768827459126564,0.42311725408734363,0.5817,0.45,0.3476693278392995,0.3922708121458666,0.3,3000,3883,1350,0.3,0.5237062449133862,0.6971,0.010333333333333333,0.34065934065934067,0.020058233581365253,0.3,3000,91,31,0.3,0.5237062449133862
105,optuna,0.574464624466226,0.42553537553377385,0.5815,0.44966666666666666,0.347411795003863,0.39198024117390673,0.3,3000,3883,1349,0.3,0.5245461180389493,0.6971,0.010333333333333333,0.34065934065934067,0.020058233581365253,0.3,3000,91,31,0.3,0.5245461180389493
122,optuna,0.6034062583682659,0.39659374163173405,0.5815,0.44966666666666666,0.347411795003863,0.39198024117390673,0.3,3000,3883,1349,0.3,0.520548822571529,0.6971,0.010333333333333333,0.34065934065934067,0.020058233581365253,0.3,3000,91,31,0.3,0.520548822571529
181,optuna,0.574947027984751,0.42505297201524905,0.5815,0.44966666666666666,0.347411795003863,0.39198024117390673,0.3,3000,3883,1349,0.3,0.5243292019224626,0.6971,0.010333333333333333,0.34065934065934067,0.020058233581365253,0.3,3000,91,31,0.3,0.5243292019224626
179,optuna,0.6054925707334516,0.3945074292665484,0.5811,0.449,0.34689672933299,0.39139909922998695,0.3,3000,3883,1347,0.3,0.5207976875777537,0.6971,0.010333333333333333,0.34065934065934067,0.020058233581365253,0.3,3000,91,31,0.3,0.5207976875777537
199,optuna,0.572649296655656,0.4273507033443441,0.5807,0.4483333333333333,0.3463816636621169,0.3908179572860671,0.3,3000,3883,1345,0.3,0.5249235443902243,0.6971,0.010333333333333333,0.34065934065934067,0.020058233581365253,0.3,3000,91,31,0.3,0.5249235443902243
227,optuna,0.606303265834356,0.393696734165644,0.5807,0.4483333333333333,0.3463816636621169,0.3908179572860671,0.3,3000,3883,1345,0.3,0.5206261552268717,0.6971,0.010333333333333333,0.34065934065934067,0.020058233581365253,0.3,3000,91,31,0.3,0.5206261552268717
208,optuna,0.6065304113239852,0.39346958867601484,0.5805,0.448,0.3461241308266804,0.3905273863141072,0.3,3000,3883,1344,0.3,0.5205713843109213,0.6971,0.010333333333333333,0.34065934065934067,0.020058233581365253,0.3,3000,91,31,0.3,0.5205713843109213
201,optuna,0.5709618257550915,0.4290381742449085,0.5803,0.44766666666666666,0.34586659799124386,0.3902368153421473,0.3,3000,3883,1343,0.3,0.5254036886667388,0.6969,0.01,0.32967032967032966,0.019411193788417987,0.3,3000,91,30,0.3,0.5254036886667388
296,optuna,0.5712020553102001,0.4287979446898,0.5803,0.44766666666666666,0.34586659799124386,0.3902368153421473,0.3,3000,3883,1343,0.3,0.5253078735743328,0.6969,0.01,0.32967032967032966,0.019411193788417987,0.3,3000,91,30,0.3,0.5253078735743328
101,optuna,0.5703076231834436,0.42969237681655637,0.5801,0.44733333333333336,0.34560906515580736,0.38994624437018743,0.3,3000,3883,1342,0.3,0.5256942502793615,0.6967,0.009666666666666667,0.31868131868131866,0.018764153995470722,0.3,3000,91,29,0.3,0.5256942502793615
126,optuna,0.5704256682169244,0.4295743317830756,0.5801,0.44733333333333336,0.34560906515580736,0.38994624437018743,0.3,3000,3883,1342,0.3,0.5256265489469839,0.6967,0.009666666666666667,0.31868131868131866,0.018764153995470722,0.3,3000,91,29,0.3,0.5256265489469839
205,optuna,0.6070972067588961,0.3929027932411037,0.5799,0.447,0.34535153232037086,0.38965567339822754,0.3,3000,3883,1341,0.3,0.5204822142042419,0.6971,0.010333333333333333,0.34065934065934067,0.020058233581365253,0.3,3000,91,31,0.3,0.5204822142042419
133,optuna,0.6227735369393322,0.37722646306066776,0.5793,0.446,0.3445789338140613,0.3887839604823478,0.3,3000,3883,1338,0.3,0.5163126358524311,0.6971,0.010333333333333333,0.34065934065934067,0.020058233581365253,0.3,3000,91,31,0.3,0.5163126358524311
244,optuna,0.6196189398253186,0.3803810601746815,0.5793,0.446,0.3445789338140613,0.3887839604823478,0.3,3000,3883,1338,0.3,0.5171958782124048,0.6971,0.010333333333333333,0.34065934065934067,0.020058233581365253,0.3,3000,91,31,0.3,0.5171958782124048
175,optuna,0.6203966932845467,0.3796033067154532,0.5791,0.44566666666666666,0.3443214009786248,0.3884933895103879,0.3,3000,3883,1337,0.3,0.5169924840377734,0.6971,0.010333333333333333,0.34065934065934067,0.020058233581365253,0.3,3000,91,31,0.3,0.5169924840377734
221,optuna,0.6199190902813139,0.38008090971868613,0.5791,0.44566666666666666,0.3443214009786248,0.3884933895103879,0.3,3000,3883,1337,0.3,0.517125740343574,0.6971,0.010333333333333333,0.34065934065934067,0.020058233581365253,0.3,3000,91,31,0.3,0.517125740343574
113,optuna,0.5683108192845938,0.4316891807154061,0.5791,0.44566666666666666,0.3443214009786248,0.3884933895103879,0.3,3000,3883,1337,0.3,0.5264452312738974,0.6959,0.008333333333333333,0.27472527472527475,0.016175994823681657,0.3,3000,91,25,0.3,0.5264452312738974
224,optuna,0.5684113818966855,0.4315886181033145,0.5791,0.44566666666666666,0.3443214009786248,0.3884933895103879,0.3,3000,3883,1337,0.3,0.5264104762666144,0.6959,0.008333333333333333,0.27472527472527475,0.016175994823681657,0.3,3000,91,25,0.3,0.5264104762666144
225,optuna,0.5682173572825008,0.4317826427174992,0.5791,0.44566666666666666,0.3443214009786248,0.3884933895103879,0.3,3000,3883,1337,0.3,0.5264783241231562,0.6959,0.008333333333333333,0.27472527472527475,0.016175994823681657,0.3,3000,91,25,0.3,0.5264783241231562
37,optuna,0.6235183239766964,0.3764816760233036,0.5789,0.44533333333333336,0.34406386814318823,0.38820281853842803,0.3,3000,3883,1336,0.3,0.5161444307364094,0.6971,0.010333333333333333,0.34065934065934067,0.020058233581365253,0.3,3000,91,31,0.3,0.5161444307364094
148,optuna,0.6238173870459317,0.3761826129540682,0.5787,0.445,0.34380633530775173,0.3879122475664681,0.3,3000,3883,1335,0.3,0.5160818151417648,0.6971,0.010333333333333333,0.34065934065934067,0.020058233581365253,0.3,3000,91,31,0.3,0.5160818151417648
163,optuna,0.6253081372498198,0.37469186275018007,0.5787,0.445,0.34380633530775173,0.3879122475664681,0.3,3000,3883,1335,0.3,0.5156665480022649,0.6971,0.010333333333333333,0.34065934065934067,0.020058233581365253,0.3,3000,91,31,0.3,0.5156665480022649
51,optuna,0.5673932527062172,0.4326067472937828,0.5787,0.445,0.34380633530775173,0.3879122475664681,0.3,3000,3883,1335,0.3,0.5266288056426515,0.6957,0.008,0.26373626373626374,0.01552895503073439,0.3,3000,91,24,0.3,0.5266288056426515
115,optuna,0.6106583583384146,0.38934164166158525,0.5785,0.44466666666666665,0.34354880247231523,0.3876216765945082,0.3,3000,3883,1334,0.3,0.5196947931024065,0.6971,0.010333333333333333,0.34065934065934067,0.020058233581365253,0.3,3000,91,31,0.3,0.5196947931024065
177,optuna,0.6098560550406924,0.3901439449593076,0.5785,0.44466666666666665,0.34354880247231523,0.3876216765945082,0.3,3000,3883,1334,0.3,0.5199087857944136,0.6971,0.010333333333333333,0.34065934065934067,0.020058233581365253,0.3,3000,91,31,0.3,0.5199087857944136
253,optuna,0.6166853894140548,0.3833146105859453,0.5785,0.44466666666666665,0.34354880247231523,0.3876216765945082,0.3,3000,3883,1334,0.3,0.5180350514057106,0.6971,0.010333333333333333,0.34065934065934067,0.020058233581365253,0.3,3000,91,31,0.3,0.5180350514057106
267,optuna,0.6106065570066531,0.38939344299334694,0.5785,0.44466666666666665,0.34354880247231523,0.3876216765945082,0.3,3000,3883,1334,0.3,0.5197096168815964,0.6971,0.010333333333333333,0.34065934065934067,0.020058233581365253,0.3,3000,91,31,0.3,0.5197096168815964
271,optuna,0.6269796167491586,0.37302038325084136,0.5785,0.44466666666666665,0.34354880247231523,0.3876216765945082,0.3,3000,3883,1334,0.3,0.5152491556572618,0.6971,0.010333333333333333,0.34065934065934067,0.020058233581365253,0.3,3000,91,31,0.3,0.5152491556572618
132,optuna,0.6123192142708527,0.3876807857291474,0.5781,0.444,0.34303373680144217,0.3870405346505884,0.3,3000,3883,1332,0.3,0.5192377004630743,0.6971,0.010333333333333333,0.34065934065934067,0.020058233581365253,0.3,3000,91,31,0.3,0.5192377004630743
168,optuna,0.6274669138412459,0.372533086158754,0.5781,0.444,0.34303373680144217,0.3870405346505884,0.3,3000,3883,1332,0.3,0.5151639888765235,0.6971,0.010333333333333333,0.34065934065934067,0.020058233581365253,0.3,3000,91,31,0.3,0.5151639888765235
192,optuna,0.6151698448702523,0.3848301551297477,0.5781,0.444,0.34303373680144217,0.3870405346505884,0.3,3000,3883,1332,0.3,0.5184838855703771,0.6971,0.010333333333333333,0.34065934065934067,0.020058233581365253,0.3,3000,91,31,0.3,0.5184838855703771
34,optuna,0.6292889183995102,0.3707110816004897,0.5779,0.44366666666666665,0.34277620396600567,0.3867499636786285,0.3,3000,3883,1331,0.3,0.5146624685438639,0.6971,0.010333333333333333,0.34065934065934067,0.020058233581365253,0.3,3000,91,31,0.3,0.5146624685438639
79,optuna,0.6296095840794016,0.3703904159205984,0.5779,0.44366666666666665,0.34277620396600567,0.3867499636786285,0.3,3000,3883,1331,0.3,0.5145706964702681,0.6971,0.010333333333333333,0.34065934065934067,0.020058233581365253,0.3,3000,91,31,0.3,0.5145706964702681
106,optuna,0.627925168009506,0.37207483199049396,0.5779,0.44366666666666665,0.34277620396600567,0.3867499636786285,0.3,3000,3883,1331,0.3,0.5150374842228116,0.6971,0.010333333333333333,0.34065934065934067,0.020058233581365253,0.3,3000,91,31,0.3,0.5150374842228116
162,optuna,0.6145615640357728,0.3854384359642272,0.5779,0.44366666666666665,0.34277620396600567,0.3867499636786285,0.3,3000,3883,1331,0.3,0.5186425941695482,0.6971,0.010333333333333333,0.34065934065934067,0.020058233581365253,0.3,3000,91,31,0.3,0.5186425941695482
166,optuna,0.6299562130534212,0.37004378694657886,0.5779,0.44366666666666665,0.34277620396600567,0.3867499636786285,0.3,3000,3883,1331,0.3,0.5144608425585396,0.6971,0.010333333333333333,0.34065934065934067,0.020058233581365253,0.3,3000,91,31,0.3,0.5144608425585396
211,optuna,0.629060103048454,0.370939896951546,0.5779,0.44366666666666665,0.34277620396600567,0.3867499636786285,0.3,3000,3883,1331,0.3,0.5147278389559695,0.6971,0.010333333333333333,0.34065934065934067,0.020058233581365253,0.3,3000,91,31,0.3,0.5147278389559695
282,optuna,0.6290926361881297,0.3709073638118702,0.5779,0.44366666666666665,0.34277620396600567,0.3867499636786285,0.3,3000,3883,1331,0.3,0.514718544541334,0.6971,0.010333333333333333,0.34065934065934067,0.020058233581365253,0.3,3000,91,31,0.3,0.514718544541334
42,optuna,0.5638545268444848,0.4361454731555151,0.5775,0.443,0.3422611382951326,0.3861688217347087,0.3,3000,3883,1329,0.3,0.5275468849205398,0.6955,0.007666666666666666,0.25274725274725274,0.014881915237787124,0.3,3000,91,23,0.3,0.5275468849205398
61,optuna,0.5621522846187754,0.4378477153812246,0.5769,0.442,0.3414885397888231,0.385297108818829,0.3,3000,3883,1326,0.3,0.5278501505039664,0.6955,0.007666666666666666,0.25274725274725274,0.014881915237787124,0.3,3000,91,23,0.3,0.5278501505039664
207,optuna,0.5615077683182472,0.4384922316817528,0.5767,0.44166666666666665,0.34123100695338654,0.3850065378468691,0.3,3000,3883,1325,0.3,0.5278881230878695,0.6955,0.007666666666666666,0.25274725274725274,0.014881915237787124,0.3,3000,91,23,0.3,0.5278881230878695
212,optuna,0.5617418200898507,0.4382581799101493,0.5767,0.44166666666666665,0.34123100695338654,0.3850065378468691,0.3,3000,3883,1325,0.3,0.5279116773716207,0.6955,0.007666666666666666,0.25274725274725274,0.014881915237787124,0.3,3000,91,23,0.3,0.5279116773716207
136,optuna,0.5612440915156514,0.43875590848434864,0.5765,0.44133333333333336,0.34097347411795004,0.3847159668749092,0.3,3000,3883,1324,0.3,0.5279547373179432,0.6955,0.007666666666666666,0.25274725274725274,0.014881915237787124,0.3,3000,91,23,0.3,0.5279547373179432
297,optuna,0.6342975267469477,0.3657024732530522,0.5757,0.44,0.33994334277620397,0.3835536829870696,0.3,3000,3883,1320,0.3,0.5135197810437951,0.6971,0.010333333333333333,0.34065934065934067,0.020058233581365253,0.3,3000,91,31,0.3,0.5135197810437951
216,optuna,0.6347139741263959,0.3652860258736042,0.5749,0.43866666666666665,0.3389132114344579,0.38239139909923,0.3,3000,3883,1316,0.3,0.5134568293147983,0.6971,0.010333333333333333,0.34065934065934067,0.020058233581365253,0.3,3000,91,31,0.3,0.5134568293147983
251,optuna,0.5549643318595031,0.44503566814049694,0.5709,0.432,0.3337625547257275,0.376579979660032,0.3,3000,3883,1296,0.3,0.5297175539404024,0.6951,0.007,0.23076923076923078,0.013587835651892591,0.3,3000,91,21,0.3,0.5297175539404024
234,optuna,0.6396823143495558,0.3603176856504443,0.5707,0.43166666666666664,0.333505021890291,0.37628940868807204,0.3,3000,3883,1295,0.3,0.513065185990733,0.6971,0.010333333333333333,0.34065934065934067,0.020058233581365253,0.3,3000,91,31,0.3,0.513065185990733
270,optuna,0.6396670725912829,0.36033292740871725,0.5707,0.43166666666666664,0.333505021890291,0.37628940868807204,0.3,3000,3883,1295,0.3,0.5130644113813411,0.6971,0.010333333333333333,0.34065934065934067,0.020058233581365253,0.3,3000,91,31,0.3,0.5130644113813411
238,optuna,0.6398353518303916,0.3601646481696083,0.5705,0.43133333333333335,0.3332474890548545,0.37599883771611214,0.3,3000,3883,1294,0.3,0.5130884227318812,0.6971,0.010333333333333333,0.34065934065934067,0.020058233581365253,0.3,3000,91,31,0.3,0.5130884227318812
131,optuna,0.5546038694710047,0.44539613052899524,0.5705,0.43133333333333335,0.3332474890548545,0.37599883771611214,0.3,3000,3883,1294,0.3,0.529831970041098,0.6949,0.006666666666666667,0.21978021978021978,0.012940795858945324,0.3,3000,91,20,0.3,0.529831970041098
111,optuna,0.5510889383681188,0.4489110616318812,0.5693,0.42933333333333334,0.3317022920422354,0.37425541188435274,0.3,3000,3883,1288,0.3,0.5311783738923064,0.6953,0.007333333333333333,0.24175824175824176,0.014234875444839857,0.3,3000,91,22,0.3,0.5311783738923064
259,optuna,0.550740428295325,0.44925957170467484,0.5689,0.42866666666666664,0.33118722637136233,0.37367426994043296,0.3,3000,3883,1286,0.3,0.5312918404932296,0.6953,0.007333333333333333,0.24175824175824176,0.014234875444839857,0.3,3000,91,22,0.3,0.5312918404932296
292,optuna,0.641102923888103,0.358897076111897,0.5687,0.42833333333333334,0.33092969353592583,0.37338369896847307,0.3,3000,3883,1285,0.3,0.5130479503527015,0.6971,0.010333333333333333,0.34065934065934067,0.020058233581365253,0.3,3000,91,31,0.3,0.5130479503527015
127,optuna,0.5494650677250288,0.45053493227497116,0.5681,0.42733333333333334,0.33015709502961627,0.37251198605259334,0.3,3000,3883,1282,0.3,0.5315970157740849,0.6951,0.007,0.23076923076923078,0.013587835651892591,0.3,3000,91,21,0.3,0.5315970157740849
182,optuna,0.5492551381313863,0.45074486186861384,0.5681,0.42733333333333334,0.33015709502961627,0.37251198605259334,0.3,3000,3883,1282,0.3,0.531631903558703,0.6951,0.007,0.23076923076923078,0.013587835651892591,0.3,3000,91,21,0.3,0.531631903558703
68,optuna,0.5373161521454555,0.46268384785454464,0.5679,0.427,0.32989956219417976,0.37222141508063344,0.3,3000,3883,1281,0.3,0.5328272793510197,0.6961,0.008666666666666666,0.2857142857142857,0.016823034616628922,0.3,3000,91,26,0.3,0.5328272793510197
264,optuna,0.5372863824281916,0.46271361757180846,0.5679,0.427,0.32989956219417976,0.37222141508063344,0.3,3000,3883,1281,0.3,0.5328094946726797,0.6961,0.008666666666666666,0.2857142857142857,0.016823034616628922,0.3,3000,91,26,0.3,0.5328094946726797
75,optuna,0.5307513661494362,0.4692486338505638,0.5675,0.42633333333333334,0.3293844965233067,0.37164027313671366,0.3,3000,3883,1279,0.3,0.5338497178507555,0.6957,0.008,0.26373626373626374,0.01552895503073439,0.3,3000,91,24,0.3,0.5338497178507555
152,optuna,0.5324396922520142,0.4675603077479858,0.5673,0.426,0.3291269636878702,0.3713497021647537,0.3,3000,3883,1278,0.3,0.5335212626156164,0.6957,0.008,0.26373626373626374,0.01552895503073439,0.3,3000,91,24,0.3,0.5335212626156164
140,optuna,0.5471905427614895,0.4528094572385105,0.5671,0.4256666666666667,0.3288694308524337,0.3710591311927938,0.3,3000,3883,1277,0.3,0.5321113055927044,0.6953,0.007333333333333333,0.24175824175824176,0.014234875444839857,0.3,3000,91,22,0.3,0.5321113055927044
262,optuna,0.6424509395471183,0.35754906045288165,0.5669,0.42533333333333334,0.3286118980169972,0.37076856022083393,0.3,3000,3883,1276,0.3,0.5129848168455508,0.6971,0.010333333333333333,0.34065934065934067,0.020058233581365253,0.3,3000,91,31,0.3,0.5129848168455508
272,optuna,0.6431736115549055,0.3568263884450944,0.5667,0.425,0.32835436518156064,0.37047798924887404,0.3,3000,3883,1275,0.3,0.512900499730947,0.6971,0.010333333333333333,0.34065934065934067,0.020058233581365253,0.3,3000,91,31,0.3,0.512900499730947
150,optuna,0.5384428445717929,0.461557155428207,0.5665,0.4246666666666667,0.32809683234612413,0.37018741827691415,0.3,3000,3883,1274,0.3,0.5331354652153946,0.6959,0.008333333333333333,0.27472527472527475,0.016175994823681657,0.3,3000,91,25,0.3,0.5331354652153946
72,optuna,0.5426677188321096,0.4573322811678904,0.5663,0.42433333333333334,0.32783929951068763,0.36989684730495426,0.3,3000,3883,1273,0.3,0.5328730058662515,0.6961,0.008666666666666666,0.2857142857142857,0.016823034616628922,0.3,3000,91,26,0.3,0.5328730058662515
186,optuna,0.5430145110827107,0.45698548891728935,0.5663,0.42433333333333334,0.32783929951068763,0.36989684730495426,0.3,3000,3883,1273,0.3,0.5328517554988389,0.6961,0.008666666666666666,0.2857142857142857,0.016823034616628922,0.3,3000,91,26,0.3,0.5328517554988389
85,optuna,0.53873008377022,0.46126991622978003,0.5663,0.42433333333333334,0.32783929951068763,0.36989684730495426,0.3,3000,3883,1273,0.3,0.5332234966114949,0.6959,0.008333333333333333,0.27472527472527475,0.016175994823681657,0.3,3000,91,25,0.3,0.5332234966114949
92,optuna,0.5421797792955257,0.45782022070447415,0.5661,0.424,0.3275817666752511,0.3696062763329943,0.3,3000,3883,1272,0.3,0.5329628023098202,0.6961,0.008666666666666666,0.2857142857142857,0.016823034616628922,0.3,3000,91,26,0.3,0.5329628023098202
165,optuna,0.5244135539284608,0.47558644607153916,0.5661,0.424,0.3275817666752511,0.3696062763329943,0.3,3000,3883,1272,0.3,0.5345967619010898,0.6957,0.008,0.26373626373626374,0.01552895503073439,0.3,3000,91,24,0.3,0.5345967619010898
258,optuna,0.6448453693718348,0.35515463062816505,0.5659,0.4236666666666667,0.32732423383981457,0.3693157053610344,0.3,3000,3883,1271,0.3,0.5127023528079848,0.6971,0.010333333333333333,0.34065934065934067,0.020058233581365253,0.3,3000,91,31,0.3,0.5127023528079848
53,optuna,0.5255418878593872,0.4744581121406129,0.5657,0.42333333333333334,0.32706670100437807,0.3690251343890745,0.3,3000,3883,1270,0.3,0.5345724739194472,0.6957,0.008,0.26373626373626374,0.01552895503073439,0.3,3000,91,24,0.3,0.5345724739194472
70,optuna,0.525333592814955,0.474666407185045,0.5657,0.42333333333333334,0.32706670100437807,0.3690251343890745,0.3,3000,3883,1270,0.3,0.5345763866095421,0.6957,0.008,0.26373626373626374,0.01552895503073439,0.3,3000,91,24,0.3,0.5345763866095421
62,optuna,0.520012844015928,0.47998715598407216,0.5653,0.4226666666666667,0.326551635333505,0.36844399244515474,0.3,3000,3883,1268,0.3,0.5350588374784836,0.6957,0.008,0.26373626373626374,0.01552895503073439,0.3,3000,91,24,0.3,0.5350588374784836
77,optuna,0.5194523193908265,0.4805476806091736,0.5649,0.422,0.326036569662632,0.3678628505012349,0.3,3000,3883,1266,0.3,0.5352083617720931,0.6957,0.008,0.26373626373626374,0.01552895503073439,0.3,3000,91,24,0.3,0.5352083617720931
15,optuna,0.5107787536243715,0.48922124637562847,0.5647,0.4216666666666667,0.32577903682719545,0.367572279529275,0.3,3000,3883,1265,0.3,0.5365032559896715,0.6957,0.008,0.26373626373626374,0.01552895503073439,0.3,3000,91,24,0.3,0.5365032559896715
78,optuna,0.5148821958000428,0.48511780419995715,0.5647,0.4216666666666667,0.32577903682719545,0.367572279529275,0.3,3000,3883,1265,0.3,0.5360688954587771,0.6957,0.008,0.26373626373626374,0.01552895503073439,0.3,3000,91,24,0.3,0.5360688954587771
90,optuna,0.5130080500886296,0.4869919499113704,0.5647,0.4216666666666667,0.32577903682719545,0.367572279529275,0.3,3000,3883,1265,0.3,0.5362313030208486,0.6957,0.008,0.26373626373626374,0.01552895503073439,0.3,3000,91,24,0.3,0.5362313030208486
13,optuna,0.5056976533248372,0.49430234667516293,0.5643,0.421,0.32526397115632244,0.36699113758535523,0.3,3000,3883,1263,0.3,0.5375024905747618,0.6957,0.008,0.26373626373626374,0.01552895503073439,0.3,3000,91,24,0.3,0.5375024905747618
12,optuna,0.5049816001745134,0.4950183998254867,0.5641,0.4206666666666667,0.32500643832088594,0.36670056661339534,0.3,3000,3883,1262,0.3,0.5376017490263316,0.6957,0.008,0.26373626373626374,0.01552895503073439,0.3,3000,91,24,0.3,0.5376017490263316
56,optuna,0.504860369705436,0.49513963029456404,0.5641,0.4206666666666667,0.32500643832088594,0.36670056661339534,0.3,3000,3883,1262,0.3,0.5376379324276119,0.6957,0.008,0.26373626373626374,0.01552895503073439,0.3,3000,91,24,0.3,0.5376379324276119
66,optuna,0.5052594904945678,0.49474050950543225,0.5641,0.4206666666666667,0.32500643832088594,0.36670056661339534,0.3,3000,3883,1262,0.3,0.5375693597601444,0.6957,0.008,0.26373626373626374,0.01552895503073439,0.3,3000,91,24,0.3,0.5375693597601444
28,optuna,0.6479516351789443,0.3520483648210558,0.5639,0.42033333333333334,0.3247489054854494,0.3664099956414354,0.3,3000,3883,1261,0.3,0.5124173272901479,0.6971,0.010333333333333333,0.34065934065934067,0.020058233581365253,0.3,3000,91,31,0.3,0.5124173272901479
170,optuna,0.5043891976726178,0.49561080232738225,0.5639,0.42033333333333334,0.3247489054854494,0.3664099956414354,0.3,3000,3883,1261,0.3,0.5377281308746104,0.6957,0.008,0.26373626373626374,0.01552895503073439,0.3,3000,91,24,0.3,0.5377281308746104
125,optuna,0.6510570399620366,0.34894296003796343,0.5637,0.42,0.3244913726500129,0.3661194246694755,0.3,3000,3883,1260,0.3,0.5118980310660766,0.6971,0.010333333333333333,0.34065934065934067,0.020058233581365253,0.3,3000,91,31,0.3,0.5118980310660766
118,optuna,0.4971030401868088,0.5028969598131912,0.5619,0.417,0.3221735771310842,0.3635042859218364,0.3,3000,3883,1251,0.3,0.5401466155202741,0.6947,0.006333333333333333,0.2087912087912088,0.012293756065998059,0.3,3000,91,19,0.3,0.5401466155202741
82,optuna,0.6561637892321162,0.34383621076788384,0.5617,0.4166666666666667,0.3219160442956477,0.36321371494987653,0.3,3000,3883,1250,0.3,0.5110338448359857,0.6971,0.010333333333333333,0.34065934065934067,0.020058233581365253,0.3,3000,91,31,0.3,0.5110338448359857
58,optuna,0.6569292601835155,0.34307073981648445,0.5615,0.41633333333333333,0.3216585114602112,0.3629231439779166,0.3,3000,3883,1249,0.3,0.5109788487498289,0.6971,0.010333333333333333,0.34065934065934067,0.020058233581365253,0.3,3000,91,31,0.3,0.5109788487498289
114,optuna,0.6570401016011516,0.34295989839884833,0.5615,0.41633333333333333,0.3216585114602112,0.3629231439779166,0.3,3000,3883,1249,0.3,0.5109532609379089,0.6971,0.010333333333333333,0.34065934065934067,0.020058233581365253,0.3,3000,91,31,0.3,0.5109532609379089
31,optuna,0.4956483395043504,0.5043516604956495,0.5615,0.41633333333333333,0.3216585114602112,0.3629231439779166,0.3,3000,3883,1249,0.3,0.5403714044198068,0.6943,0.005666666666666667,0.18681318681318682,0.010999676480103526,0.3,3000,91,17,0.3,0.5403714044198068
18,optuna,0.49223864396409844,0.5077613560359016,0.5609,0.41533333333333333,0.3208859129539016,0.3620514310620369,0.3,3000,3883,1246,0.3,0.5415812981626508,0.6937,0.004666666666666667,0.15384615384615385,0.009058557101261728,0.3,3000,91,14,0.3,0.5415812981626508
21,optuna,0.4901123245658615,0.5098876754341386,0.5603,0.41433333333333333,0.32011331444759206,0.3611797181461572,0.3,3000,3883,1243,0.3,0.5422730377220898,0.6933,0.004,0.13186813186813187,0.007764477515367195,0.3,3000,91,12,0.3,0.5422730377220898
22,optuna,0.489096245169851,0.510903754830149,0.5599,0.4136666666666667,0.31959824877671905,0.3605985762022374,0.3,3000,3883,1241,0.3,0.5424585118915783,0.6933,0.004,0.13186813186813187,0.007764477515367195,0.3,3000,91,12,0.3,0.5424585118915783
158,optuna,0.4845728678983207,0.5154271321016793,0.5593,0.4126666666666667,0.3188256502704095,0.35972686328635767,0.3,3000,3883,1238,0.3,0.5444081018200213,0.6933,0.004,0.13186813186813187,0.007764477515367195,0.3,3000,91,12,0.3,0.5444081018200213
185,optuna,0.48264943061953197,0.5173505693804681,0.5589,0.412,0.31831058459953643,0.3591457213424379,0.3,3000,3883,1236,0.3,0.5451305369787885,0.6933,0.004,0.13186813186813187,0.007764477515367195,0.3,3000,91,12,0.3,0.5451305369787885
45,optuna,0.4787776455243649,0.5212223544756351,0.5585,0.41133333333333333,0.3177955189286634,0.3585645793985181,0.3,3000,3883,1234,0.3,0.5461669406052313,0.6933,0.004,0.13186813186813187,0.007764477515367195,0.3,3000,91,12,0.3,0.5461669406052313
50,optuna,0.47837002950867086,0.5216299704913292,0.5585,0.41133333333333333,0.3177955189286634,0.3585645793985181,0.3,3000,3883,1234,0.3,0.546204564690588,0.6933,0.004,0.13186813186813187,0.007764477515367195,0.3,3000,91,12,0.3,0.546204564690588
98,optuna,0.4776628416884495,0.5223371583115504,0.5585,0.41133333333333333,0.3177955189286634,0.3585645793985181,0.3,3000,3883,1234,0.3,0.5464894582498834,0.6933,0.004,0.13186813186813187,0.007764477515367195,0.3,3000,91,12,0.3,0.5464894582498834
99,optuna,0.6650335675035164,0.33496643249648356,0.5583,0.411,0.31753798609322686,0.3582740084265582,0.3,3000,3883,1233,0.3,0.5098892509545596,0.6971,0.010333333333333333,0.34065934065934067,0.020058233581365253,0.3,3000,91,31,0.3,0.5098892509545596
164,optuna,0.47182918319940337,0.5281708168005965,0.5583,0.411,0.31753798609322686,0.3582740084265582,0.3,3000,3883,1233,0.3,0.548423984133889,0.6933,0.004,0.13186813186813187,0.007764477515367195,0.3,3000,91,12,0.3,0.548423984133889
290,optuna,0.4672038012080804,0.5327961987919196,0.5583,0.411,0.31753798609322686,0.3582740084265582,0.3,3000,3883,1233,0.3,0.5492873131012966,0.6933,0.004,0.13186813186813187,0.007764477515367195,0.3,3000,91,12,0.3,0.5492873131012966
137,optuna,0.4589963441438931,0.541003655856107,0.5581,0.4106666666666667,0.31728045325779036,0.35798343745459826,0.3,3000,3883,1232,0.3,0.5525727752750886,0.6933,0.004,0.13186813186813187,0.007764477515367195,0.3,3000,91,12,0.3,0.5525727752750886
180,optuna,0.4591186360824994,0.5408813639175005,0.5581,0.4106666666666667,0.31728045325779036,0.35798343745459826,0.3,3000,3883,1232,0.3,0.5524979712959998,0.6933,0.004,0.13186813186813187,0.007764477515367195,0.3,3000,91,12,0.3,0.5524979712959998
142,optuna,0.6659996164965465,0.3340003835034536,0.5573,0.4093333333333333,0.3162503219160443,0.3568211535667587,0.3,3000,3883,1228,0.3,0.50982103479194,0.6971,0.010333333333333333,0.34065934065934067,0.020058233581365253,0.3,3000,91,31,0.3,0.50982103479194
117,optuna,0.4532527649322122,0.5467472350677878,0.5551,0.4056666666666667,0.3134174607262426,0.3536248728751998,0.3,3000,3883,1217,0.3,0.5551866198366333,0.6933,0.004,0.13186813186813187,0.007764477515367195,0.3,3000,91,12,0.3,0.5551866198366333
144,optuna,0.4517220083849253,0.5482779916150747,0.5533,0.4026666666666667,0.3110996652073139,0.35100973412756065,0.3,3000,3883,1208,0.3,0.5558445724515165,0.6933,0.004,0.13186813186813187,0.007764477515367195,0.3,3000,91,12,0.3,0.5558445724515165
102,optuna,0.6730389783339383,0.3269610216660617,0.5523,0.401,0.30981200103013135,0.34955687926776113,0.3,3000,3883,1203,0.3,0.5091087755036396,0.6971,0.010333333333333333,0.34065934065934067,0.020058233581365253,0.3,3000,91,31,0.3,0.5091087755036396
120,optuna,0.6759207530418736,0.3240792469581264,0.5505,0.398,0.30749420551120266,0.34694174052012206,0.3,3000,3883,1194,0.3,0.5086731699631746,0.6971,0.010333333333333333,0.34065934065934067,0.020058233581365253,0.3,3000,91,31,0.3,0.5086731699631746
17,optuna,0.6793434172545344,0.3206565827454657,0.5499,0.397,0.30672160700489315,0.3460700276042423,0.3,3000,3883,1191,0.3,0.5080245712540132,0.6971,0.010333333333333333,0.34065934065934067,0.020058233581365253,0.3,3000,91,31,0.3,0.5080245712540132
27,optuna,0.6791475594134604,0.3208524405865396,0.5497,0.39666666666666667,0.3064640741694566,0.34577945663228243,0.3,3000,3883,1190,0.3,0.5080636118779742,0.6971,0.010333333333333333,0.34065934065934067,0.020058233581365253,0.3,3000,91,31,0.3,0.5080636118779742
32,optuna,0.4482512445759157,0.5517487554240844,0.5497,0.39666666666666667,0.3064640741694566,0.34577945663228243,0.3,3000,3883,1190,0.3,0.5575743009690066,0.6933,0.004,0.13186813186813187,0.007764477515367195,0.3,3000,91,12,0.3,0.5575743009690066
88,optuna,0.6830157449659148,0.31698425503408517,0.5489,0.3953333333333333,0.3054339428277105,0.3446171727444428,0.3,3000,3883,1186,0.3,0.5073677149415984,0.6971,0.010333333333333333,0.34065934065934067,0.020058233581365253,0.3,3000,91,31,0.3,0.5073677149415984
154,optuna,0.683533648516608,0.3164663514833919,0.5489,0.3953333333333333,0.3054339428277105,0.3446171727444428,0.3,3000,3883,1186,0.3,0.5073269132527548,0.6971,0.010333333333333333,0.34065934065934067,0.020058233581365253,0.3,3000,91,31,0.3,0.5073269132527548
149,optuna,0.6839762316641115,0.3160237683358885,0.5487,0.395,0.305176409992274,0.3443266017724829,0.3,3000,3883,1185,0.3,0.5073738019239924,0.6971,0.010333333333333333,0.34065934065934067,0.020058233581365253,0.3,3000,91,31,0.3,0.5073738019239924
11,optuna,0.443715230656455,0.556284769343545,0.5483,0.3943333333333333,0.30466134432140096,0.34374545982856314,0.3,3000,3883,1183,0.3,0.5602120640307547,0.6933,0.004,0.13186813186813187,0.007764477515367195,0.3,3000,91,12,0.3,0.5602120640307547
147,optuna,0.6862391242685402,0.3137608757314599,0.5481,0.394,0.30440381148596446,0.34345488885660325,0.3,3000,3883,1182,0.3,0.5072487596783393,0.6971,0.010333333333333333,0.34065934065934067,0.020058233581365253,0.3,3000,91,31,0.3,0.5072487596783393
169,optuna,0.6852970585266492,0.3147029414733507,0.5481,0.394,0.30440381148596446,0.34345488885660325,0.3,3000,3883,1182,0.3,0.5073740031339419,0.6971,0.010333333333333333,0.34065934065934067,0.020058233581365253,0.3,3000,91,31,0.3,0.5073740031339419
63,optuna,0.687482714964945,0.31251728503505505,0.5475,0.393,0.3036312129796549,0.3425831759407235,0.3,3000,3883,1179,0.3,0.5072547440441736,0.6971,0.010333333333333333,0.34065934065934067,0.020058233581365253,0.3,3000,91,31,0.3,0.5072547440441736
128,optuna,0.6883369613649056,0.3116630386350943,0.5475,0.393,0.3036312129796549,0.3425831759407235,0.3,3000,3883,1179,0.3,0.5072038236611616,0.6971,0.010333333333333333,0.34065934065934067,0.020058233581365253,0.3,3000,91,31,0.3,0.5072038236611616
274,optuna,0.6880169220995007,0.31198307790049934,0.5475,0.393,0.3036312129796549,0.3425831759407235,0.3,3000,3883,1179,0.3,0.5072403564334933,0.6971,0.010333333333333333,0.34065934065934067,0.020058233581365253,0.3,3000,91,31,0.3,0.5072403564334933
73,optuna,0.6896534415105116,0.3103465584894885,0.5469,0.392,0.30285861447334533,0.34171146302484384,0.3,3000,3883,1176,0.3,0.5072150433473434,0.6971,0.010333333333333333,0.34065934065934067,0.020058233581365253,0.3,3000,91,31,0.3,0.5072150433473434
155,optuna,0.689793535934741,0.310206464065259,0.5469,0.392,0.30285861447334533,0.34171146302484384,0.3,3000,3883,1176,0.3,0.5072239148843765,0.6971,0.010333333333333333,0.34065934065934067,0.020058233581365253,0.3,3000,91,31,0.3,0.5072239148843765
146,optuna,0.4247599850335198,0.5752400149664803,0.5469,0.392,0.30285861447334533,0.34171146302484384,0.3,3000,3883,1176,0.3,0.5714453138419584,0.6933,0.004,0.13186813186813187,0.007764477515367195,0.3,3000,91,12,0.3,0.5714453138419584
289,optuna,0.43057751755768287,0.5694224824423172,0.5469,0.392,0.30285861447334533,0.34171146302484384,0.3,3000,3883,1176,0.3,0.5681528708977064,0.6933,0.004,0.13186813186813187,0.007764477515367195,0.3,3000,91,12,0.3,0.5681528708977064
95,optuna,0.69146918907698,0.3085308109230201,0.5461,0.39066666666666666,0.30182848313159927,0.3405491791370042,0.3,3000,3883,1172,0.3,0.5071158812261529,0.6971,0.010333333333333333,0.34065934065934067,0.020058233581365253,0.3,3000,91,31,0.3,0.5071158812261529
52,optuna,0.6916626801233562,0.3083373198766438,0.5459,0.3903333333333333,0.30157095029616277,0.34025860816504433,0.3,3000,3883,1171,0.3,0.5071113387381487,0.6971,0.010333333333333333,0.34065934065934067,0.020058233581365253,0.3,3000,91,31,0.3,0.5071113387381487
134,optuna,0.6986039857609257,0.3013960142390742,0.5411,0.38233333333333336,0.2953901622456863,0.33328490483800666,0.3,3000,3883,1147,0.3,0.5068450029914712,0.6971,0.010333333333333333,0.34065934065934067,0.020058233581365253,0.3,3000,91,31,0.3,0.5068450029914712
57,optuna,0.702589053595334,0.2974109464046661,0.5395,0.37966666666666665,0.2933298995621942,0.33096033706232747,0.3,3000,3883,1139,0.3,0.5064855404241968,0.6971,0.010333333333333333,0.34065934065934067,0.020058233581365253,0.3,3000,91,31,0.3,0.5064855404241968
123,optuna,0.7027032649099562,0.2972967350900439,0.5395,0.37966666666666665,0.2933298995621942,0.33096033706232747,0.3,3000,3883,1139,0.3,0.5064901659201226,0.6971,0.010333333333333333,0.34065934065934067,0.020058233581365253,0.3,3000,91,31,0.3,0.5064901659201226
3,optuna,0.7086650471561318,0.29133495284386823,0.5377,0.37666666666666665,0.2910121040432655,0.32834519831468834,0.3,3000,3883,1130,0.3,0.5058048764022125,0.6971,0.010333333333333333,0.34065934065934067,0.020058233581365253,0.3,3000,91,31,0.3,0.5058048764022125
23,optuna,0.4003950766574123,0.5996049233425877,0.5363,0.37433333333333335,0.28920937419520987,0.32631120151096904,0.3,3000,3883,1123,0.3,0.5799003791367248,0.6933,0.004,0.13186813186813187,0.007764477515367195,0.3,3000,91,12,0.3,0.5799003791367248
160,optuna,0.46046839830571445,0.5395316016942856,0.6031,0.4785,0.24645892351274787,0.325344212136665,0.2,2000,3883,957,0.2,0.6006811800595832,0.7909,0.0,0.0,0.0,0.2,2000,91,0,0.2,0.6006811800595832
96,optuna,0.7343964612594771,0.2656035387405229,0.5351,0.37233333333333335,0.2876641771825908,0.32456777567920964,0.3,3000,3883,1117,0.3,0.506364542136135,0.6971,0.010333333333333333,0.34065934065934067,0.020058233581365253,0.3,3000,91,31,0.3,0.506364542136135
24,optuna,0.3959049004089278,0.6040950995910721,0.5349,0.372,0.28740664434715424,0.32427720470724974,0.3,3000,3883,1116,0.3,0.5812735574979484,0.6933,0.004,0.13186813186813187,0.007764477515367195,0.3,3000,91,12,0.3,0.5812735574979484
159,optuna,0.7216651332168709,0.2783348667831291,0.5335,0.36966666666666664,0.2856039144990986,0.32224320790353045,0.3,3000,3883,1109,0.3,0.5051802310024811,0.6971,0.010333333333333333,0.34065934065934067,0.020058233581365253,0.3,3000,91,31,0.3,0.5051802310024811
268,optuna,0.723512654774081,0.276487345225919,0.5335,0.36966666666666664,0.2856039144990986,0.32224320790353045,0.3,3000,3883,1109,0.3,0.5057192454722649,0.6971,0.010333333333333333,0.34065934065934067,0.020058233581365253,0.3,3000,91,31,0.3,0.5057192454722649
141,optuna,0.737296602891942,0.262703397108058,0.5333,0.36933333333333335,0.2853463816636621,0.32195263693157056,0.3,3000,3883,1108,0.3,0.5054610389009602,0.6971,0.010333333333333333,0.34065934065934067,0.020058233581365253,0.3,3000,91,31,0.3,0.5054610389009602
156,optuna,0.7387649721266021,0.2612350278733979,0.5327,0.36833333333333335,0.28457378315735254,0.3210809240156908,0.3,3000,3883,1105,0.3,0.5052129779154825,0.6971,0.010333333333333333,0.34065934065934067,0.020058233581365253,0.3,3000,91,31,0.3,0.5052129779154825
294,optuna,0.3864228827459996,0.6135771172540003,0.5321,0.36733333333333335,0.283801184651043,0.32020921109981115,0.3,3000,3883,1102,0.3,0.584193657647403,0.6933,0.004,0.13186813186813187,0.007764477515367195,0.3,3000,91,12,0.3,0.584193657647403
295,optuna,0.38213440138324273,0.6178655986167573,0.5311,0.36566666666666664,0.2825135204738604,0.31875635624001164,0.3,3000,3883,1097,0.3,0.5854683352095384,0.6933,0.004,0.13186813186813187,0.007764477515367195,0.3,3000,91,12,0.3,0.5854683352095384
80,optuna,0.7440833955266879,0.25591660447331205,0.5303,0.36433333333333334,0.28148338913211435,0.317594072352172,0.3,3000,3883,1093,0.3,0.5043701013279797,0.6971,0.010333333333333333,0.34065934065934067,0.020058233581365253,0.3,3000,91,31,0.3,0.5043701013279797
183,optuna,0.7480684772620998,0.2519315227379002,0.5287,0.3616666666666667,0.2794231264486222,0.31526950457649283,0.3,3000,3883,1085,0.3,0.5046960206089963,0.6971,0.010333333333333333,0.34065934065934067,0.020058233581365253,0.3,3000,91,31,0.3,0.5046960206089963
130,optuna,0.2662953945302357,0.7337046054697642,0.5283,0.361,0.27890806077774916,0.314688362632573,0.3,3000,3883,1083,0.3,0.6184744134384005,0.6933,0.004,0.13186813186813187,0.007764477515367195,0.3,3000,91,12,0.3,0.6184744134384005
60,optuna,0.5283568868175627,0.47164311318243735,0.5961,0.461,0.23744527427246975,0.3134455209926908,0.2,2000,3883,922,0.2,0.5763167907941004,0.7909,0.0,0.0,0.0,0.2,2000,91,0,0.2,0.5763167907941004
14,optuna,0.5385064496375672,0.46149355036243284,0.5957,0.46,0.2369302086015967,0.3127655957844637,0.2,2000,3883,920,0.2,0.5716983783650826,0.7909,0.0,0.0,0.0,0.2,2000,91,0,0.2,0.5716983783650826
200,optuna,0.5647695005213598,0.4352304994786402,0.5941,0.456,0.23486994591810456,0.3100458949515553,0.2,2000,3883,912,0.2,0.563395021121719,0.7909,0.0,0.0,0.0,0.2,2000,91,0,0.2,0.563395021121719
39,optuna,0.005360089373018446,0.9946399106269815,0.5247,0.355,0.27427246973989183,0.3094580851372948,0.3,3000,3883,1065,0.3,0.6929640435676547,0.6933,0.004,0.13186813186813187,0.007764477515367195,0.3,3000,91,12,0.3,0.6929640435676547
59,optuna,0.780584511681965,0.21941548831803498,0.5243,0.35433333333333333,0.2737574040690188,0.308876943193375,0.3,3000,3883,1063,0.3,0.5011882594464027,0.6971,0.010333333333333333,0.34065934065934067,0.020058233581365253,0.3,3000,91,31,0.3,0.5011882594464027
76,optuna,0.7679770490581901,0.23202295094181002,0.5235,0.353,0.2727272727272727,0.3077146593055354,0.3,3000,3883,1059,0.3,0.5024270470655965,0.6971,0.010333333333333333,0.34065934065934067,0.020058233581365253,0.3,3000,91,31,0.3,0.5024270470655965
7,optuna,0.33627655473725215,0.6637234452627477,0.5233,0.3526666666666667,0.2724697398918362,0.3074240883335755,0.3,3000,3883,1058,0.3,0.6018226613399769,0.6933,0.004,0.13186813186813187,0.007764477515367195,0.3,3000,91,12,0.3,0.6018226613399769
104,optuna,0.3244294039077699,0.67557059609223,0.5233,0.3526666666666667,0.2724697398918362,0.3074240883335755,0.3,3000,3883,1058,0.3,0.6050857619608085,0.6933,0.004,0.13186813186813187,0.007764477515367195,0.3,3000,91,12,0.3,0.6050857619608085
107,optuna,0.340849433153472,0.6591505668465281,0.5233,0.3526666666666667,0.2724697398918362,0.3074240883335755,0.3,3000,3883,1058,0.3,0.6007061771146242,0.6933,0.004,0.13186813186813187,0.007764477515367195,0.3,3000,91,12,0.3,0.6007061771146242
298,optuna,0.3385052942838647,0.6614947057161353,0.5233,0.3526666666666667,0.2724697398918362,0.3074240883335755,0.3,3000,3883,1058,0.3,0.6012171213059817,0.6933,0.004,0.13186813186813187,0.007764477515367195,0.3,3000,91,12,0.3,0.6012171213059817
9,optuna,0.32050654953190777,0.6794934504680922,0.5231,0.35233333333333333,0.2722122070563997,0.3071335173616156,0.3,3000,3883,1057,0.3,0.60597609680502,0.6933,0.004,0.13186813186813187,0.007764477515367195,0.3,3000,91,12,0.3,0.60597609680502
109,optuna,0.7871319648822558,0.21286803511774433,0.5227,0.3516666666666667,0.27169714138552664,0.30655237541769575,0.3,3000,3883,1055,0.3,0.5013874877400727,0.6971,0.010333333333333333,0.34065934065934067,0.020058233581365253,0.3,3000,91,31,0.3,0.5013874877400727
54,optuna,0.7885565646441071,0.21144343535589302,0.5215,0.3496666666666667,0.27015194437290757,0.30480894958593635,0.3,3000,3883,1049,0.3,0.5009152245835007,0.6971,0.010333333333333333,0.34065934065934067,0.020058233581365253,0.3,3000,91,31,0.3,0.5009152245835007
20,optuna,0.6100765310996432,0.3899234689003568,0.5881,0.441,0.22714396085500901,0.2998470168281489,0.2,2000,3883,882,0.2,0.5589783161951959,0.7909,0.0,0.0,0.0,0.2,2000,91,0,0.2,0.5589783161951959
47,optuna,0.8385599977077899,0.16144000229221006,0.5167,0.3416666666666667,0.2639711563224311,0.29783524625889873,0.3,3000,3883,1025,0.3,0.4867877369951244,0.6971,0.010333333333333333,0.34065934065934067,0.020058233581365253,0.3,3000,91,31,0.3,0.4867877369951244
129,optuna,0.6338095651483953,0.3661904348516048,0.5869,0.438,0.22559876384238992,0.29780724120346763,0.2,2000,3883,876,0.2,0.5520445578330713,0.7909,0.0,0.0,0.0,0.2,2000,91,0,0.2,0.5520445578330713
249,optuna,0.634862203561042,0.36513779643895816,0.5869,0.438,0.22559876384238992,0.29780724120346763,0.2,2000,3883,876,0.2,0.5521973661026462,0.7909,0.0,0.0,0.0,0.2,2000,91,0,0.2,0.5521973661026462
48,optuna,0.6473752177357119,0.35262478226428806,0.5821,0.426,0.21941797579191347,0.2896481387047425,0.2,2000,3883,852,0.2,0.5516420589345984,0.7909,0.0,0.0,0.0,0.2,2000,91,0,0.2,0.5516420589345984
100,optuna,0.6543166248182304,0.3456833751817697,0.5819,0.4255,0.21916044295647696,0.2893081761006289,0.2,2000,3883,851,0.2,0.5518965366218538,0.7909,0.0,0.0,0.0,0.2,2000,91,0,0.2,0.5518965366218538
49,optuna,0.3822019766739724,0.6177980233260276,0.6037,0.47333333333333333,0.1828483131599279,0.26379342374140813,0.15,1500,3883,710,0.15,0.6643460865160652,0.8409,0.0,0.0,0.0,0.15,1500,91,0,0.15,0.6643460865160652
4,optuna,0.17614542141217934,0.8238545785878206,0.5657,0.385,0.19830028328611898,0.2617712051674316,0.2,2000,3883,770,0.2,0.7307525754168,0.7933,0.006,0.13186813186813187,0.011477761836441894,0.2,2000,91,12,0.2,0.7307525754168
116,optuna,0.39385696735071185,0.606143032649288,0.6025,0.4693333333333333,0.1813031161473088,0.26156418354077654,0.15,1500,3883,704,0.15,0.6603825877673272,0.8409,0.0,0.0,0.0,0.15,1500,91,0,0.15,0.6603825877673272
2,optuna,0.36567965057260704,0.634320349427393,0.6021,0.468,0.18078805047643576,0.2608211034738993,0.15,1500,3883,702,0.15,0.6688520892520252,0.8409,0.0,0.0,0.0,0.15,1500,91,0,0.15,0.6688520892520252
280,optuna,0.9336207313876909,0.0663792686123092,0.4869,0.292,0.22559876384238992,0.25454017143687346,0.3,3000,3883,876,0.3,0.4826285403790054,0.6997,0.014666666666666666,0.4835164835164835,0.028469750889679714,0.3,3000,91,44,0.3,0.4826285403790054
276,optuna,0.7576804256476938,0.24231957435230628,0.5607,0.3725,0.19186196240020603,0.2532721400645929,0.2,2000,3883,745,0.2,0.5417282121692206,0.7933,0.006,0.13186813186813187,0.011477761836441894,0.2,2000,91,12,0.2,0.5417282121692206
178,optuna,0.6521708232272038,0.34782917677279623,0.5935,0.43933333333333335,0.16971413855266546,0.24484488203603938,0.15,1500,3883,659,0.15,0.5680065401600156,0.8409,0.0,0.0,0.0,0.15,1500,91,0,0.15,0.5680065401600156
10,optuna,0.9738165264818528,0.026183473518147118,0.4795,0.2796666666666667,0.21607004893123874,0.24378904547435712,0.3,3000,3883,839,0.3,0.4746909048547653,0.6997,0.014666666666666666,0.4835164835164835,0.028469750889679714,0.3,3000,91,44,0.3,0.4746909048547653
145,optuna,0.5448302481880558,0.4551697518119442,0.5895,0.426,0.1645634818439351,0.23741408136726733,0.15,1500,3883,639,0.15,0.6042673989225237,0.8409,0.0,0.0,0.0,0.15,1500,91,0,0.15,0.6042673989225237
19,optuna,0.5613702710563082,0.43862972894369173,0.5893,0.42533333333333334,0.1643059490084986,0.2370425413338287,0.15,1500,3883,638,0.15,0.5975384246846844,0.8409,0.0,0.0,0.0,0.15,1500,91,0,0.15,0.5975384246846844
29,optuna,0.5802857261990044,0.4197142738009956,0.5887,0.42333333333333334,0.16353335050218903,0.23592792123351292,0.15,1500,3883,635,0.15,0.5897648571628902,0.8409,0.0,0.0,0.0,0.15,1500,91,0,0.15,0.5897648571628902
74,optuna,0.5289538104043091,0.471046189595691,0.5883,0.422,0.163018284831316,0.2351848411666357,0.15,1500,3883,633,0.15,0.6110057243221816,0.8409,0.0,0.0,0.0,0.15,1500,91,0,0.15,0.6110057243221816
0,optuna,0.20050944815163113,0.7994905518483688,0.5877,0.42,0.16224568632500644,0.2340702210663199,0.15,1500,3883,630,0.15,0.7401174405949995,0.8409,0.0,0.0,0.0,0.15,1500,91,0,0.15,0.7401174405949995
226,optuna,0.6209364703576186,0.3790635296423815,0.5877,0.42,0.16224568632500644,0.2340702210663199,0.15,1500,3883,630,0.15,0.5766298332430786,0.8409,0.0,0.0,0.0,0.15,1500,91,0,0.15,0.5766298332430786
261,optuna,0.606258205805931,0.39374179419406896,0.5877,0.42,0.16224568632500644,0.2340702210663199,0.15,1500,3883,630,0.15,0.5821548262998857,0.8409,0.0,0.0,0.0,0.15,1500,91,0,0.15,0.5821548262998857
288,optuna,0.6084076567665351,0.391592343233465,0.5877,0.42,0.16224568632500644,0.2340702210663199,0.15,1500,3883,630,0.15,0.5814669343615303,0.8409,0.0,0.0,0.0,0.15,1500,91,0,0.15,0.5814669343615303
84,optuna,0.7747053478291966,0.22529465217080338,0.5493,0.344,0.1771825907803245,0.2338942716301207,0.2,2000,3883,688,0.2,0.5405991468176307,0.7933,0.006,0.13186813186813187,0.011477761836441894,0.2,2000,91,12,0.2,0.5405991468176307
35,optuna,0.7102939199178316,0.2897060800821683,0.5857,0.41333333333333333,0.15967035797064125,0.23035482073193386,0.15,1500,3883,620,0.15,0.5655591477906056,0.8409,0.0,0.0,0.0,0.15,1500,91,0,0.15,0.5655591477906056
167,optuna,0.6013397901448485,0.39866020985515155,0.6057,0.47,0.12104043265516354,0.1925046078230596,0.1,1000,3883,470,0.1,0.6057635562904155,0.8909,0.0,0.0,0.0,0.1,1000,91,0,0.1,0.6057635562904155
210,optuna,0.6016843102077807,0.3983156897922193,0.6057,0.47,0.12104043265516354,0.1925046078230596,0.1,1000,3883,470,0.1,0.6056650057680929,0.8909,0.0,0.0,0.0,0.1,1000,91,0,0.1,0.6056650057680929
281,optuna,0.497695248952004,0.5023047510479961,0.6045,0.464,0.11949523564254443,0.19004710219127585,0.1,1000,3883,464,0.1,0.6429621528053676,0.8909,0.0,0.0,0.0,0.1,1000,91,0,0.1,0.6429621528053676
16,optuna,0.5070275092890879,0.49297249071091204,0.6037,0.46,0.11846510430079835,0.18840876510342003,0.1,1000,3883,460,0.1,0.6404182523550863,0.8909,0.0,0.0,0.0,0.1,1000,91,0,0.1,0.6404182523550863
108,optuna,0.5627206943747578,0.4372793056252421,0.6037,0.46,0.11846510430079835,0.18840876510342003,0.1,1000,3883,460,0.1,0.6210794150646309,0.8909,0.0,0.0,0.0,0.1,1000,91,0,0.1,0.6210794150646309
25,optuna,0.5194289413972835,0.48057105860271654,0.6023,0.453,0.11666237445274273,0.18554167519967232,0.1,1000,3883,453,0.1,0.6366833272271706,0.8909,0.0,0.0,0.0,0.1,1000,91,0,0.1,0.6366833272271706
138,optuna,0.534895190377642,0.46510480962235806,0.6017,0.45,0.11588977594643317,0.18431292238378047,0.1,1000,3883,450,0.1,0.6315324433853674,0.8909,0.0,0.0,0.0,0.1,1000,91,0,0.1,0.6315324433853674
36,optuna,0.8524831455657815,0.1475168544342185,0.5183,0.2665,0.13726500128766417,0.18120006799252084,0.2,2000,3883,533,0.2,0.5340349656011597,0.7939,0.0075,0.16483516483516483,0.014347202295552367,0.2,2000,91,15,0.2,0.5340349656011597
67,optuna,0.4293173931224208,0.5706826068775792,0.5985,0.434,0.11176925057944888,0.17775957403235715,0.1,1000,3883,434,0.1,0.6662218176074596,0.8909,0.0,0.0,0.0,0.1,1000,91,0,0.1,0.6662218176074596
6,optuna,0.4066323328209653,0.5933676671790348,0.5981,0.432,0.11125418490857585,0.17694040548842924,0.1,1000,3883,432,0.1,0.6733978406065565,0.8909,0.0,0.0,0.0,0.1,1000,91,0,0.1,0.6733978406065565
87,optuna,0.40584512363812947,0.5941548763618704,0.5981,0.432,0.11125418490857585,0.17694040548842924,0.1,1000,3883,432,0.1,0.67365368786314,0.8909,0.0,0.0,0.0,0.1,1000,91,0,0.1,0.67365368786314
89,optuna,0.784867887989632,0.21513211201036794,0.5545,0.30933333333333335,0.11949523564254443,0.1723945755155118,0.15,1500,3883,464,0.15,0.5580715809109591,0.8409,0.0,0.0,0.0,0.15,1500,91,0,0.15,0.5580715809109591
30,optuna,0.1600598503680216,0.8399401496319784,0.5955,0.419,0.1079062580479011,0.1716158099528978,0.1,1000,3883,419,0.1,0.7736108295570084,0.8909,0.0,0.0,0.0,0.1,1000,91,0,0.1,0.7736108295570084
254,optuna,0.1837260552132505,0.8162739447867496,0.5955,0.419,0.1079062580479011,0.1716158099528978,0.1,1000,3883,419,0.1,0.7647803514265425,0.8909,0.0,0.0,0.0,0.1,1000,91,0,0.1,0.7647803514265425
55,optuna,0.8211138244848443,0.17888617551515568,0.5625,0.254,0.06541334020087561,0.10403440507884497,0.1,1000,3883,254,0.1,0.5777361115476509,0.8909,0.0,0.0,0.0,0.1,1000,91,0,0.1,0.5777361115476509
217,optuna,0.5378060908319058,0.46219390916809433,0.6005,0.388,0.04996137007468452,0.08852384211727128,0.05,500,3883,194,0.05,0.651962208962369,0.9409,0.0,0.0,0.0,0.05,500,91,0,0.05,0.651962208962369
69,optuna,0.5507646448243534,0.4492353551756466,0.5995,0.378,0.04867370589750193,0.08624229979466119,0.05,500,3883,189,0.05,0.6480214396924561,0.9409,0.0,0.0,0.0,0.05,500,91,0,0.05,0.6480214396924561
33,optuna,0.6158058574345948,0.3841941425654053,0.5989,0.372,0.047901107391192375,0.08487337440109514,0.05,500,3883,186,0.05,0.6311680022682264,0.9409,0.0,0.0,0.0,0.05,500,91,0,0.05,0.6311680022682264
86,optuna,0.6183968492208591,0.38160315077914087,0.5989,0.372,0.047901107391192375,0.08487337440109514,0.05,500,3883,186,0.05,0.6302796094811656,0.9409,0.0,0.0,0.0,0.05,500,91,0,0.05,0.6302796094811656
139,optuna,0.6409072175938042,0.35909278240619585,0.5989,0.372,0.047901107391192375,0.08487337440109514,0.05,500,3883,186,0.05,0.6293644437665407,0.9409,0.0,0.0,0.0,0.05,500,91,0,0.05,0.6293644437665407
176,optuna,0.6241044793290048,0.37589552067099535,0.5989,0.372,0.047901107391192375,0.08487337440109514,0.05,500,3883,186,0.05,0.6281490992266721,0.9409,0.0,0.0,0.0,0.05,500,91,0,0.05,0.6281490992266721
257,optuna,0.607049647375782,0.3929503526242179,0.5989,0.372,0.047901107391192375,0.08487337440109514,0.05,500,3883,186,0.05,0.6336530787031535,0.9409,0.0,0.0,0.0,0.05,500,91,0,0.05,0.6336530787031535
284,optuna,0.601358241202145,0.3986417587978551,0.5989,0.372,0.047901107391192375,0.08487337440109514,0.05,500,3883,186,0.05,0.635763985111006,0.9409,0.0,0.0,0.0,0.05,500,91,0,0.05,0.635763985111006
5,optuna,0.39940597526354765,0.6005940247364524,0.5945,0.328,0.04223538501158898,0.07483458818161078,0.05,500,3883,164,0.05,0.6984725765684483,0.9409,0.0,0.0,0.0,0.05,500,91,0,0.05,0.6984725765684483
110,optuna,0.6952862610209567,0.3047137389790433,0.5941,0.324,0.04172031934071594,0.07392197125256673,0.05,500,3883,162,0.05,0.6300589002574908,0.9409,0.0,0.0,0.0,0.05,500,91,0,0.05,0.6300589002574908
8,optuna,0.2076322821757515,0.7923677178242486,0.5933,0.316,0.04069018799896987,0.07209673739447867,0.05,500,3883,158,0.05,0.7724666555848703,0.9409,0.0,0.0,0.0,0.05,500,91,0,0.05,0.7724666555848703
38,optuna,0.7064085380537745,0.29359146194622554,0.5927,0.31,0.03991758949266031,0.07072781200091262,0.05,500,3883,155,0.05,0.6266791124469661,0.9409,0.0,0.0,0.0,0.05,500,91,0,0.05,0.6266791124469661
46,optuna,0.825045275899813,0.174954724100187,0.5887,0.27,0.03476693278392995,0.061601642710472276,0.05,500,3883,135,0.05,0.682630118646364,0.9409,0.0,0.0,0.0,0.05,500,91,0,0.05,0.682630118646364
1,optuna,0.8084466132603625,0.19155338673963754,0.5883,0.266,0.034251867113056916,0.06068902578142824,0.05,500,3883,133,0.05,0.6735028775629076,0.9409,0.0,0.0,0.0,0.05,500,91,0,0.05,0.6735028775629076
